Question,Answer
which is the capital city of india,new delhi
which is the capital city of karnataka,bangalore
who is the current prime minister of india,the prime minister of india is mr. narendra modi
who is the current president of india,the president of india is mr. ramnath kovind
who is the current vice-president of india,the current vice president of india is mr. venkaiah naidu
how many states are there in india,total number of states in india is 29
how many districts are there in karnataka,total number of districts in karnataka is 30
when did india get independence,india got independence in 1947
who is the owner of facebook,the owner of facebook is mark zuckerberg
who is the founder of Apple,"the founders of apple are steve jobs, steve wozniak and ronald wayne"
what is a leap year,"leap year is a year occuring once in every four years, which has 366 days including 29 february as an intercalary day"
how many days are there in a leap year,366 days
who is the current captain of indian cricket team,the captain of indian cricket is virat kohli
which is the biggest continent in the world,the biggest continent is asia
how many continenets are there on earth,7
how many days are there in a year,there are 365 days in a year
when is mother's day,"sunday of 10th may, 2020"
who is the ceo of google,ceo of google is mr.sundar pichai
who is the chief minister of karnataka,the chief minister of karnataka is mr.yadiyoorappa
what are the 5 most commonly  searched keywords in google,"weather, maps, translate, calculator, youtube to mp3"
who is the president of america,the president of america is mr.donald trumph
who is the president of russia,the president of russia is mr.vladiminar putin
what is fullform of USA,united states of america
what is the fullform of NASA,national aeronautics and space administration
what is the fullform of ISRO,indian space research organization
which country has the highest population in the world,china
what is the population of India in 2019,the population of india in 2019 is 1.37 billion
which is the most popular online game in the world,the most popular game in the world is pubg
which is the most played game in the world,the most played game in the world is soccer
whether 2020 is leap year,"yes, 2020 is a leap year"
who is the author of ramayana,valmiki is the author of ramayana
how many bones are present in a human body,the total number of bones present in humn body is 206
how many stokes are present in ashoka chakra,24
who has invented the computer,charles babbage
which was the first introduced computer,abacus
who is the founder of zero,aryabhata
what is the fullform of VTU,visvesvaraya technological university
which is the first satellite launched in india,aryabhata
who discovered radio,guglielmo marconi
who discovered television,john logic baird
which is india's first super computer,param 8000
who was the first indian travelled to space,pilot rakesh sharma
who was the first Indian woman travelled to space,kalpana chavla
which is the largest country in the world,russia
which is the smallest country in the world,vatican city
which is the hardest substance available on earth,diamond
which is the longest river in the world,the nile is the longest river in the world
which is the largest bone in a human body,thigh bone is the largest bone in human's body
which is most southern point of india,indira point
which is the smallest continent in the world,australia is the smallest continent in the world
who is the inventor of electricity,benjamin franklin is the inventor of electricity
which is the largest animal in the world,blue whale is the largest animal in the world
who is the father of local self government,lord ripon is the father of local self government
which is the minimum age limit to cast vote in india,18 years is the minimum age limit to cast vote in india
which is the tallest waterfall in the world,angel falls is the tallest waterfall in the world
which place is known as tea garden of india,darjeeling is known as the tea garden of india
which is the latest version of android,android 10.0
who discovered pencilin,alexander fleming
what is the fullform of WHO,world health organization
what is the fullform of WTO,world trade organization
what is the fulform of UNICEF,united nations international children's emergency fund
when was the atomic bomb dropped on Hiroshima and Nagasaki,august 6th and 9th of 1945
how many members are there in lokasabha,552
which is the most used application in the world,facebook
what is natural language processing,it is a field of artificial intelligence concerned with the interactions between computers and human languag
which place in india has the highest rain fall,mawsynram in meghalaya
which place is known as switzerland of india,khajjiar
when is army day celebrated in india,Jan-15
what is the fullform of GATE,graduate aptitude test in engineering
what is the fullform of CAT,common admission test
what is the fullform of  NRC,national register of citizens
what does the nucleus of an atom consists of,the nucleus of an atom consists of neutrons and protons
what does the ozone layer restricts,the ozone layer restricts ultraviolet radiations
what is the fullform of DBMS,database management system
why alum is used for purifying the drinking water,alum is used in purification of drinking water to form gelatinous precipitate
which is the autobiography of Dr. A P J Abdul kalam,wings of fire
which state has the highest liteacy rate in india,kerala
who is called as the missile man of india,dr.a p j abdul kalam
who is the author of indian national anthem,ravindranath tagore
what does the nucleus of a hydrogen atom consists of,the nucleus of a hydrogen atom consists of a single proton
what is the boiling point of water,100 degree celsius
which is the bacteiria present in milk,lactobacilli
which is the largest desert in the world,sahara desert
where will be the next olympic games held,"tokyo, japan"
which is the national game of india,hockey is the national game of india
what is the total number of national parks in karnataka,total number of national parks in karnataka is 5
who is known as the father of karnataka music,purandara dasa is known as the father of karnataka music
which sea is to the west of karnataka,arabian sea
who is the first president of india,rajendra prasad
which is largest river in karnataka,kaveri is the largest river in karnataka
who invented gravity,sir isaac newton
who is the father of indian constitution,dr.b r ambedkar
when were bar code scanners invented,bar code scanners were invented in 1951
who is the present chief of indian army,hemanth singh
which is the first satellite launched in the world,sputnik 1
which is the tallest mountain in the world,mount everest
which country has the largest democracy in the world,india
which country has the largest constitution in the world,india
